{
    "FPR": [
        0.0,
        0.0,
        0.0,
        0.16666666666666666,
        0.16666666666666666,
        0.3333333333333333,
        0.3333333333333333,
        1.0
    ],
    "TPR": [
        0.0,
        0.058823529411764705,
        0.7647058823529411,
        0.7647058823529411,
        0.8823529411764706,
        0.8823529411764706,
        1.0,
        1.0
    ],
    "AUROC": 0.9411764705882353
}