{
    "FPR": [
        0.0,
        0.0,
        0.0,
        0.09090909090909091,
        0.09090909090909091,
        0.2727272727272727,
        0.2727272727272727,
        0.36363636363636365,
        0.36363636363636365,
        0.45454545454545453,
        0.45454545454545453,
        1.0
    ],
    "TPR": [
        0.0,
        0.06666666666666667,
        0.4666666666666667,
        0.4666666666666667,
        0.6666666666666666,
        0.6666666666666666,
        0.7333333333333333,
        0.7333333333333333,
        0.8,
        0.8,
        1.0,
        1.0
    ],
    "AUROC": 0.8484848484848484
}