{
    "FPR": [
        0.0,
        0.0,
        0.0,
        0.08333333333333333,
        0.08333333333333333,
        0.25,
        0.25,
        0.75,
        0.75,
        1.0
    ],
    "TPR": [
        0.0,
        0.09090909090909091,
        0.7272727272727273,
        0.7272727272727273,
        0.8181818181818182,
        0.8181818181818182,
        0.9090909090909091,
        0.9090909090909091,
        1.0,
        1.0
    ],
    "AUROC": 0.9015151515151516
}