{
    "FPR": [
        0.0,
        0.0,
        0.0,
        0.09090909090909091,
        0.09090909090909091,
        0.18181818181818182,
        0.18181818181818182,
        0.36363636363636365,
        0.36363636363636365,
        0.5454545454545454,
        0.5454545454545454,
        0.9090909090909091,
        0.9090909090909091,
        1.0
    ],
    "TPR": [
        0.0,
        0.058823529411764705,
        0.5294117647058824,
        0.5294117647058824,
        0.6470588235294118,
        0.6470588235294118,
        0.8235294117647058,
        0.8235294117647058,
        0.8823529411764706,
        0.8823529411764706,
        0.9411764705882353,
        0.9411764705882353,
        1.0,
        1.0
    ],
    "AUROC": 0.8502673796791443
}