{
    "FPR": [
        0.0,
        0.0,
        0.0,
        0.09090909090909091,
        0.09090909090909091,
        0.2727272727272727,
        0.2727272727272727,
        0.45454545454545453,
        0.45454545454545453,
        0.6363636363636364,
        0.6363636363636364,
        1.0
    ],
    "TPR": [
        0.0,
        0.06666666666666667,
        0.5333333333333333,
        0.5333333333333333,
        0.6666666666666666,
        0.6666666666666666,
        0.8,
        0.8,
        0.9333333333333333,
        0.9333333333333333,
        1.0,
        1.0
    ],
    "AUROC": 0.8484848484848485
}