{
    "FPR": [
        0.0,
        0.0,
        0.15384615384615385,
        0.15384615384615385,
        0.23076923076923078,
        0.23076923076923078,
        0.38461538461538464,
        0.38461538461538464,
        0.46153846153846156,
        0.46153846153846156,
        1.0
    ],
    "TPR": [
        0.0,
        0.14285714285714285,
        0.14285714285714285,
        0.42857142857142855,
        0.42857142857142855,
        0.5714285714285714,
        0.5714285714285714,
        0.7142857142857143,
        0.7142857142857143,
        1.0,
        1.0
    ],
    "AUROC": 0.7362637362637363
}