{
    "FPR": [
        0.0,
        0.0,
        0.07692307692307693,
        0.07692307692307693,
        0.23076923076923078,
        0.23076923076923078,
        1.0
    ],
    "TPR": [
        0.0,
        0.14285714285714285,
        0.14285714285714285,
        0.5714285714285714,
        0.5714285714285714,
        1.0,
        1.0
    ],
    "AUROC": 0.868131868131868
}