{
    "FPR": [
        0.0,
        0.0,
        0.0,
        0.125,
        0.125,
        0.25,
        0.25,
        0.5,
        0.5,
        1.0
    ],
    "TPR": [
        0.0,
        0.07142857142857142,
        0.5,
        0.5,
        0.7857142857142857,
        0.7857142857142857,
        0.8571428571428571,
        0.8571428571428571,
        1.0,
        1.0
    ],
    "AUROC": 0.875
}