{
    "FPR": [
        0.0,
        0.0,
        0.0,
        0.36363636363636365,
        0.36363636363636365,
        0.45454545454545453,
        0.45454545454545453,
        0.6363636363636364,
        0.6363636363636364,
        0.8181818181818182,
        0.8181818181818182,
        1.0,
        1.0
    ],
    "TPR": [
        0.0,
        0.058823529411764705,
        0.7058823529411765,
        0.7058823529411765,
        0.7647058823529411,
        0.7647058823529411,
        0.8235294117647058,
        0.8235294117647058,
        0.8823529411764706,
        0.8823529411764706,
        0.9411764705882353,
        0.9411764705882353,
        1.0
    ],
    "AUROC": 0.8074866310160429
}