{
    "FPR": [
        0.0,
        0.0,
        0.0,
        0.36363636363636365,
        0.36363636363636365,
        0.6363636363636364,
        0.6363636363636364,
        1.0
    ],
    "TPR": [
        0.0,
        0.0625,
        0.875,
        0.875,
        0.9375,
        0.9375,
        1.0,
        1.0
    ],
    "AUROC": 0.9375
}