{
    "FPR": [
        0.0,
        0.0,
        0.0,
        0.08333333333333333,
        0.08333333333333333,
        0.3333333333333333,
        0.3333333333333333,
        0.6666666666666666,
        0.6666666666666666,
        0.75,
        0.75,
        1.0
    ],
    "TPR": [
        0.0,
        0.0625,
        0.75,
        0.75,
        0.8125,
        0.8125,
        0.875,
        0.875,
        0.9375,
        0.9375,
        1.0,
        1.0
    ],
    "AUROC": 0.8854166666666666
}