{
    "FPR": [
        0.0,
        0.0,
        0.0,
        0.09090909090909091,
        0.09090909090909091,
        0.18181818181818182,
        0.18181818181818182,
        0.36363636363636365,
        0.36363636363636365,
        0.45454545454545453,
        0.45454545454545453,
        1.0,
        1.0
    ],
    "TPR": [
        0.0,
        0.058823529411764705,
        0.5294117647058824,
        0.5294117647058824,
        0.7058823529411765,
        0.7058823529411765,
        0.7647058823529411,
        0.7647058823529411,
        0.8823529411764706,
        0.8823529411764706,
        0.9411764705882353,
        0.9411764705882353,
        1.0
    ],
    "AUROC": 0.8449197860962566
}