{
    "FPR": [
        0.0,
        0.08333333333333333,
        0.08333333333333333,
        0.16666666666666666,
        0.16666666666666666,
        0.3333333333333333,
        0.3333333333333333,
        0.4166666666666667,
        0.4166666666666667,
        0.5833333333333334,
        0.75,
        1.0
    ],
    "TPR": [
        0.0,
        0.0,
        0.2727272727272727,
        0.2727272727272727,
        0.6363636363636364,
        0.6363636363636364,
        0.8181818181818182,
        0.8181818181818182,
        1.0,
        1.0,
        1.0,
        1.0
    ],
    "AUROC": 0.7803030303030303
}