{
    "FPR": [
        0.0,
        0.0,
        0.0,
        0.18181818181818182,
        0.18181818181818182,
        0.5454545454545454,
        0.5454545454545454,
        0.6363636363636364,
        0.6363636363636364,
        0.7272727272727273,
        0.7272727272727273,
        1.0
    ],
    "TPR": [
        0.0,
        0.058823529411764705,
        0.5294117647058824,
        0.5294117647058824,
        0.7058823529411765,
        0.7058823529411765,
        0.8823529411764706,
        0.8823529411764706,
        0.9411764705882353,
        0.9411764705882353,
        1.0,
        1.0
    ],
    "AUROC": 0.7914438502673797
}