{
    "FPR": [
        0.0,
        0.0,
        0.0,
        0.08333333333333333,
        0.08333333333333333,
        0.16666666666666666,
        0.16666666666666666,
        0.25,
        0.25,
        0.3333333333333333,
        0.3333333333333333,
        0.75,
        0.75,
        0.9166666666666666,
        0.9166666666666666,
        1.0
    ],
    "TPR": [
        0.0,
        0.0625,
        0.3125,
        0.3125,
        0.4375,
        0.4375,
        0.6875,
        0.6875,
        0.75,
        0.75,
        0.8125,
        0.8125,
        0.9375,
        0.9375,
        1.0,
        1.0
    ],
    "AUROC": 0.7604166666666666
}