{
    "FPR": [
        0.0,
        0.0,
        0.0,
        0.08333333333333333,
        0.08333333333333333,
        0.16666666666666666,
        0.16666666666666666,
        0.4166666666666667,
        0.4166666666666667,
        0.5,
        0.5,
        0.8333333333333334,
        0.8333333333333334,
        1.0
    ],
    "TPR": [
        0.0,
        0.0625,
        0.3125,
        0.3125,
        0.5,
        0.5,
        0.75,
        0.75,
        0.875,
        0.875,
        0.9375,
        0.9375,
        1.0,
        1.0
    ],
    "AUROC": 0.8072916666666666
}