{
    "FPR": [
        0.0,
        0.0,
        0.0,
        0.18181818181818182,
        0.18181818181818182,
        0.45454545454545453,
        0.45454545454545453,
        0.8181818181818182,
        0.8181818181818182,
        1.0
    ],
    "TPR": [
        0.0,
        0.058823529411764705,
        0.6470588235294118,
        0.6470588235294118,
        0.7058823529411765,
        0.7058823529411765,
        0.9411764705882353,
        0.9411764705882353,
        1.0,
        1.0
    ],
    "AUROC": 0.8342245989304813
}