{
    "FPR": [
        0.0,
        0.0,
        0.0,
        0.15384615384615385,
        0.15384615384615385,
        0.23076923076923078,
        0.23076923076923078,
        0.38461538461538464,
        0.38461538461538464,
        0.6923076923076923,
        0.8461538461538461,
        1.0
    ],
    "TPR": [
        0.0,
        0.1,
        0.4,
        0.4,
        0.8,
        0.8,
        0.9,
        0.9,
        1.0,
        1.0,
        1.0,
        1.0
    ],
    "AUROC": 0.8769230769230769
}