{
    "FPR": [
        0.0,
        0.0,
        0.07692307692307693,
        0.07692307692307693,
        0.15384615384615385,
        0.15384615384615385,
        0.3076923076923077,
        0.3076923076923077,
        1.0
    ],
    "TPR": [
        0.0,
        0.14285714285714285,
        0.14285714285714285,
        0.2857142857142857,
        0.2857142857142857,
        0.5714285714285714,
        0.5714285714285714,
        1.0,
        1.0
    ],
    "AUROC": 0.8131868131868132
}