{
    "FPR": [
        0.0,
        0.0,
        0.0,
        0.09090909090909091,
        0.09090909090909091,
        0.2727272727272727,
        0.2727272727272727,
        0.36363636363636365,
        0.36363636363636365,
        0.6363636363636364,
        0.6363636363636364,
        0.9090909090909091,
        0.9090909090909091,
        1.0
    ],
    "TPR": [
        0.0,
        0.058823529411764705,
        0.6470588235294118,
        0.6470588235294118,
        0.7058823529411765,
        0.7058823529411765,
        0.8235294117647058,
        0.8235294117647058,
        0.8823529411764706,
        0.8823529411764706,
        0.9411764705882353,
        0.9411764705882353,
        1.0,
        1.0
    ],
    "AUROC": 0.8502673796791443
}