{
    "FPR": [
        0.0,
        0.0,
        0.0,
        0.25,
        0.25,
        0.625,
        0.625,
        0.75,
        0.75,
        1.0
    ],
    "TPR": [
        0.0,
        0.07142857142857142,
        0.7142857142857143,
        0.7142857142857143,
        0.7857142857142857,
        0.7857142857142857,
        0.9285714285714286,
        0.9285714285714286,
        1.0,
        1.0
    ],
    "AUROC": 0.8392857142857143
}