{
    "FPR": [
        0.0,
        0.0,
        0.0,
        0.09090909090909091,
        0.09090909090909091,
        0.18181818181818182,
        0.18181818181818182,
        0.2727272727272727,
        0.2727272727272727,
        0.7272727272727273,
        0.7272727272727273,
        1.0,
        1.0
    ],
    "TPR": [
        0.0,
        0.058823529411764705,
        0.47058823529411764,
        0.47058823529411764,
        0.5294117647058824,
        0.5294117647058824,
        0.5882352941176471,
        0.5882352941176471,
        0.8235294117647058,
        0.8235294117647058,
        0.9411764705882353,
        0.9411764705882353,
        1.0
    ],
    "AUROC": 0.7754010695187166
}