{
    "FPR": [
        0.0,
        0.0,
        0.0,
        0.09090909090909091,
        0.09090909090909091,
        0.36363636363636365,
        0.36363636363636365,
        1.0
    ],
    "TPR": [
        0.0,
        0.0625,
        0.875,
        0.875,
        0.9375,
        0.9375,
        1.0,
        1.0
    ],
    "AUROC": 0.9715909090909091
}