{
    "FPR": [
        0.0,
        0.0,
        0.0,
        0.3333333333333333,
        0.3333333333333333,
        0.6666666666666666,
        0.6666666666666666,
        1.0
    ],
    "TPR": [
        0.0,
        0.058823529411764705,
        0.8823529411764706,
        0.8823529411764706,
        0.9411764705882353,
        0.9411764705882353,
        1.0,
        1.0
    ],
    "AUROC": 0.9411764705882353
}