{
    "FPR": [
        0.0,
        0.0,
        0.0,
        0.18181818181818182,
        0.18181818181818182,
        0.2727272727272727,
        0.2727272727272727,
        0.36363636363636365,
        0.36363636363636365,
        1.0
    ],
    "TPR": [
        0.0,
        0.058823529411764705,
        0.4117647058823529,
        0.4117647058823529,
        0.6470588235294118,
        0.6470588235294118,
        0.9411764705882353,
        0.9411764705882353,
        1.0,
        1.0
    ],
    "AUROC": 0.8556149732620321
}