{
    "FPR": [
        0.0,
        0.0,
        0.0,
        0.125,
        0.125,
        0.625,
        0.625,
        0.75,
        0.75,
        1.0
    ],
    "TPR": [
        0.0,
        0.07142857142857142,
        0.35714285714285715,
        0.42857142857142855,
        0.7142857142857143,
        0.7142857142857143,
        0.8571428571428571,
        0.8571428571428571,
        1.0,
        1.0
    ],
    "AUROC": 0.7633928571428572
}