{
    "FPR": [
        0.0,
        0.0,
        0.0,
        0.09090909090909091,
        0.09090909090909091,
        0.18181818181818182,
        0.18181818181818182,
        0.2727272727272727,
        0.2727272727272727,
        0.5454545454545454,
        0.5454545454545454,
        0.6363636363636364,
        0.6363636363636364,
        1.0
    ],
    "TPR": [
        0.0,
        0.058823529411764705,
        0.35294117647058826,
        0.35294117647058826,
        0.5294117647058824,
        0.5294117647058824,
        0.7058823529411765,
        0.7058823529411765,
        0.8823529411764706,
        0.8823529411764706,
        0.9411764705882353,
        0.9411764705882353,
        1.0,
        1.0
    ],
    "AUROC": 0.8342245989304813
}