{
    "FPR": [
        0.0,
        0.0,
        0.0,
        0.3333333333333333,
        0.3333333333333333,
        0.4166666666666667,
        0.4166666666666667,
        0.9166666666666666,
        0.9166666666666666,
        1.0
    ],
    "TPR": [
        0.0,
        0.0625,
        0.5,
        0.5,
        0.6875,
        0.6875,
        0.875,
        0.875,
        1.0,
        1.0
    ],
    "AUROC": 0.7447916666666666
}