{
    "FPR": [
        0.0,
        0.0,
        0.0,
        0.07692307692307693,
        0.07692307692307693,
        0.46153846153846156,
        0.46153846153846156,
        0.6153846153846154,
        0.7692307692307693,
        1.0
    ],
    "TPR": [
        0.0,
        0.1,
        0.7,
        0.7,
        0.9,
        0.9,
        1.0,
        1.0,
        1.0,
        1.0
    ],
    "AUROC": 0.9384615384615386
}