{
    "FPR": [
        0.0,
        0.0,
        0.0,
        0.09090909090909091,
        0.09090909090909091,
        0.18181818181818182,
        0.18181818181818182,
        0.2727272727272727,
        0.2727272727272727,
        0.7272727272727273,
        0.7272727272727273,
        1.0
    ],
    "TPR": [
        0.0,
        0.058823529411764705,
        0.7058823529411765,
        0.7058823529411765,
        0.7647058823529411,
        0.7647058823529411,
        0.8823529411764706,
        0.8823529411764706,
        0.9411764705882353,
        0.9411764705882353,
        1.0,
        1.0
    ],
    "AUROC": 0.9144385026737968
}